"Name","r2_val","r2_train","concordance_val","concordance_train","ID","Notes","State","Created","Runtime","architecture","target","batch_size","add_age","beta","dset","gamma","lr","n_epochs","weight_decay","init","max_depth","n_trees","alpha","l1_ratio","cosim_train","cosim_val","training_loss","validation_loss","var_t","in_dim","combine_sets","nested_batch_size","seed","bootstrap","score_test","score_train"
"gentle-salad-1022","0","0","0.7454081349536652","0.8693950446049776","n9brx924","-","finished","2025-01-03T15:25:51.000Z","2696","ds_default","mort","1000","false","0.1","allprot","0.99","0.000005","100","0.00001","normal","","","","","NaN","NaN","8.48272569042915","7.062139240974564","0","344","true","1000","14","true","",""
"cerulean-moon-1015","0","0","0.7420912499358715","0.8675638356532752","h6xfqtkt","-","finished","2025-01-03T15:25:51.000Z","2706","ds_default","mort","1000","false","0.1","allprot","0.99","0.000005","100","0.00001","normal","","","","","NaN","NaN","8.463361123089188","7.0259878095056765","0","344","true","1000","11","true","",""
"lucky-pine-1032","0","0","0.7399197791256114","0.8647763313353881","e93vmedf","-","finished","2025-01-03T15:25:51.000Z","2687","ds_default","mort","1000","false","0.1","allprot","0.99","0.000005","100","0.00001","normal","","","","","NaN","NaN","8.517527259226194","7.013816352354622","0","344","true","1000","18","true","",""
"iconic-flower-1085","0","0","0.7376959584886814","0.8682104577778238","ylgtagk4","-","finished","2025-01-03T16:55:40.000Z","2685","ds_default","mort","1000","false","0.1","allprot","0.99","0.000005","100","0.00001","normal","","","","","NaN","NaN","8.480472782092537","7.044617421379055","0","344","true","1000","82","true","",""
"laced-moon-1093","0","0","0.7368897711579677","0.8729468378529294","vofthhhl","-","finished","2025-01-03T17:10:43.000Z","3107","ds_default","mort","1000","false","0.1","allprot","0.99","0.000005","100","0.00001","normal","","","","","NaN","NaN","8.451712976473614","7.075009937430393","0","344","true","1000","90","true","",""
"ethereal-wind-1103","0","0","0.736272043203265","0.8684499845077864","fbzirzx3","-","finished","2025-01-03T17:38:59.000Z","3175","ds_default","mort","1000","false","0.1","allprot","0.99","0.000005","100","0.00001","normal","","","","","NaN","NaN","8.437289261623349","7.077808485399265","0","344","true","1000","100","true","",""
"upbeat-gorge-1044","0","0","0.7354805138240187","0.8710248941810831","cfr7k0jt","-","finished","2025-01-03T16:10:46.000Z","2652","ds_default","mort","1000","false","0.1","allprot","0.99","0.000005","100","0.00001","normal","","","","","NaN","NaN","8.473079661063876","7.088189912107756","0","344","true","1000","41","true","",""
"playful-water-1008","0","0","0.735149662919466","0.8742300263714616","1s9dz6qf","-","finished","2025-01-03T15:25:50.000Z","3156","ds_default","mort","1000","false","0.1","allprot","0.99","0.000005","100","0.00001","normal","","","","","NaN","NaN","8.437095418547894","7.139704036785817","0","344","true","1000","6","true","",""
"peachy-lion-1029","0","0","0.7349549215642547","0.8687688946683455","495gkt76","-","finished","2025-01-03T15:25:51.000Z","2671","ds_default","mort","1000","false","0.1","allprot","0.99","0.000005","100","0.00001","normal","","","","","NaN","NaN","8.46271602961803","7.092226893376316","0","344","true","1000","23","true","",""
"upbeat-wave-1069","0","0","0.7348826788034505","0.8628746040942294","d29o1qp0","-","finished","2025-01-03T16:54:46.000Z","2638","ds_default","mort","1000","false","0.1","allprot","0.99","0.000005","100","0.00001","normal","","","","","NaN","NaN","8.508755016448433","7.150047879973499","0","344","true","1000","66","true","",""
"copper-forest-1068","0","0","0.7347444752610424","0.8722327640641709","zwtwe8uv","-","finished","2025-01-03T16:54:41.000Z","2625","ds_default","mort","1000","false","0.1","allprot","0.99","0.000005","100","0.00001","normal","","","","","NaN","NaN","8.457782493048787","7.055820953399603","0","344","true","1000","65","true","",""
"jolly-grass-1018","0","0","0.7345141360236956","0.8717512682829829","uxr3k5cu","-","finished","2025-01-03T15:25:51.000Z","2682","ds_default","mort","1000","false","0.1","allprot","0.99","0.000005","100","0.00001","normal","","","","","NaN","NaN","8.457126294347997","7.121714625441421","0","344","true","1000","27","true","",""
"upbeat-gorge-1015","0","0","0.7344052483842226","0.8659532373790624","09d7c7se","-","finished","2025-01-03T15:25:51.000Z","2696","ds_default","mort","1000","false","0.1","allprot","0.99","0.000005","100","0.00001","normal","","","","","NaN","NaN","8.45821016920833","7.02053625479222","0","344","true","1000","16","true","",""
"ruby-microwave-1030","0","0","0.734167580171142","0.8683381319893442","crwws4lr","-","finished","2025-01-03T15:25:51.000Z","2672","ds_default","mort","1000","false","0.1","allprot","0.99","0.000005","100","0.00001","normal","","","","","NaN","NaN","8.465727947054427","7.109513850656468","0","344","true","1000","29","true","",""
"astral-sunset-1059","0","0","0.7329153723172023","0.8717668923802641","na1g0kwn","-","finished","2025-01-03T16:18:17.000Z","3103","ds_default","mort","1000","false","0.1","allprot","0.99","0.000005","100","0.00001","normal","","","","","NaN","NaN","8.477939046308988","7.066278857358699","0","344","true","1000","56","true","",""
"lunar-galaxy-1079","0","0","0.73259080339185","0.8704660801450894","obugieg8","-","finished","2025-01-03T16:55:13.000Z","2646","ds_default","mort","1000","false","0.1","allprot","0.99","0.000005","100","0.00001","normal","","","","","NaN","NaN","8.432707713869272","7.03133654849597","0","344","true","1000","76","true","",""
"deft-waterfall-1048","0","0","0.7323845450747712","0.8630407612926718","9zpyc5kb","-","finished","2025-01-03T16:10:50.000Z","2640","ds_default","mort","1000","false","0.1","allprot","0.99","0.000005","100","0.00001","normal","","","","","NaN","NaN","8.489614829941566","7.064579483700253","0","344","true","1000","45","true","",""
"genial-energy-1064","0","0","0.7322201666190283","0.8606797159978089","xoqkiyg6","-","finished","2025-01-03T16:18:43.000Z","3132","ds_default","mort","1000","false","0.1","allprot","0.99","0.000005","100","0.00001","normal","","","","","NaN","NaN","8.486418374796425","7.045226988967259","0","344","true","1000","61","true","",""
"deft-thunder-1009","0","0","0.7319992503504821","0.8623502164627493","edzzij63","-","finished","2025-01-03T15:25:50.000Z","3160","ds_default","mort","1000","false","0.1","allprot","0.99","0.000005","100","0.00001","normal","","","","","NaN","NaN","8.508332806944683","7.044701133307989","0","344","true","1000","5","true","",""
"vibrant-salad-1098","0","0","0.7318945506971426","0.866185727890966","ud2pl55j","-","finished","2025-01-03T17:38:37.000Z","3009","ds_default","mort","1000","false","0.1","allprot","0.99","0.000005","100","0.00001","normal","","","","","NaN","NaN","8.483758748290722","7.045585182600269","0","344","true","1000","95","true","",""
"decent-flower-1081","0","0","0.7313365015448434","0.8686420465290479","ulytdlc0","-","finished","2025-01-03T16:55:16.000Z","2651","ds_default","mort","1000","false","0.1","allprot","0.99","0.000005","100","0.00001","normal","","","","","NaN","NaN","8.488368263166349","7.085521101517837","0","344","true","1000","78","true","",""
"lilac-planet-1042","0","0","0.7310695174288278","0.8668640171964576","q9l5z4c6","-","finished","2025-01-03T16:10:41.000Z","2640","ds_default","mort","1000","false","0.1","allprot","0.99","0.000005","100","0.00001","normal","","","","","NaN","NaN","8.464044487752233","7.070580212323089","0","344","true","1000","39","true","",""
"chocolate-plant-1076","0","0","0.7308140502746795","0.8716643115895195","y2betba5","-","finished","2025-01-03T16:55:09.000Z","2648","ds_default","mort","1000","false","0.1","allprot","0.99","0.000005","100","0.00001","normal","","","","","NaN","NaN","8.44341055839379","7.097354107503816","0","344","true","1000","73","true","",""
"pleasant-darkness-1102","0","0","0.7307774053960108","0.8697418248339178","k5l4nz94","-","finished","2025-01-03T17:38:55.000Z","3182","ds_default","mort","1000","false","0.1","allprot","0.99","0.000005","100","0.00001","normal","","","","","NaN","NaN","8.469486968870825","7.11627791475388","0","344","true","1000","99","true","",""
"atomic-terrain-1041","0","0","0.7305638181031983","0.8663765968080344","9zuf3w47","-","finished","2025-01-03T16:10:34.000Z","2642","ds_default","mort","1000","false","0.1","allprot","0.99","0.000005","100","0.00001","normal","","","","","NaN","NaN","8.49389195845049","7.046844053062275","0","344","true","1000","38","true","",""
"denim-jazz-1100","0","0","0.7297398318314168","0.865587281786096","v1mvj1yp","-","finished","2025-01-03T17:38:50.000Z","3014","ds_default","mort","1000","false","0.1","allprot","0.99","0.000005","100","0.00001","normal","","","","","NaN","NaN","8.493262849832064","7.141854085640333","0","344","true","1000","98","true","",""
"deft-frost-1057","0","0","0.7297115629250152","0.8727494185344824","95k1mjl0","-","finished","2025-01-03T16:18:12.000Z","3103","ds_default","mort","1000","false","0.1","allprot","0.99","0.000005","100","0.00001","normal","","","","","NaN","NaN","8.441062897511623","7.153014173624245","0","344","true","1000","54","true","",""
"snowy-microwave-1004","0","0","0.7293168452319254","0.8617198891413672","v9646tqm","-","finished","2025-01-03T15:25:50.000Z","3158","ds_default","mort","1000","false","0.1","allprot","0.99","0.000005","100","0.00001","normal","","","","","NaN","NaN","8.532788877564997","7.048122067357763","0","344","true","1000","3","true","",""
"stoic-river-1020","0","0","0.7281368801387899","0.8633863960555492","bpn6thka","-","finished","2025-01-03T15:25:51.000Z","2684","ds_default","mort","1000","false","0.1","allprot","0.99","0.000005","100","0.00001","normal","","","","","NaN","NaN","8.522669854836407","7.087445791136925","0","344","true","1000","20","true","",""
"generous-pond-1083","0","0","0.728036368471584","0.8676360103842574","s33z56is","-","finished","2025-01-03T16:55:22.000Z","2651","ds_default","mort","1000","false","0.1","allprot","0.99","0.000005","100","0.00001","normal","","","","","NaN","NaN","8.467572272894454","7.062739456749621","0","344","true","1000","80","true","",""
"silver-fire-1015","0","0","0.7280217105201164","0.8635158384048433","vgi8jxc2","-","finished","2025-01-03T15:25:51.000Z","2688","ds_default","mort","1000","false","0.1","allprot","0.99","0.000005","100","0.00001","normal","","","","","NaN","NaN","8.49502863674449","7.096210654405987","0","344","true","1000","17","true","",""
"serene-spaceship-1091","0","0","0.7278866479673086","0.8612541396801613","8w9xmpuj","-","finished","2025-01-03T17:10:12.000Z","3101","ds_default","mort","1000","false","0.1","allprot","0.99","0.000005","100","0.00001","normal","","","","","NaN","NaN","8.526564022823006","7.092747102998271","0","344","true","1000","88","true","",""
"summer-resonance-1101","0","0","0.72785314407824","0.863017470209129","lhl7oqt8","-","finished","2025-01-03T17:38:53.000Z","3009","ds_default","mort","1000","false","0.1","allprot","0.99","0.000005","100","0.00001","normal","","","","","NaN","NaN","8.498430868909958","7.067524223998702","0","344","true","1000","97","true","",""
"easy-meadow-1012","0","0","0.7277924182793031","0.8662167921518765","x2blw3cg","-","finished","2025-01-03T15:25:50.000Z","3149","ds_default","mort","1000","false","0.1","allprot","0.99","0.000005","100","0.00001","normal","","","","","NaN","NaN","8.47267210430702","7.081815914317603","0","344","true","1000","8","true","",""
"icy-sea-1050","0","0","0.7273285988150093","0.8661066686559135","7ijlzu8u","-","finished","2025-01-03T16:10:53.000Z","2654","ds_default","mort","1000","false","0.1","allprot","0.99","0.000005","100","0.00001","normal","","","","","NaN","NaN","8.488309550305303","7.124327534441985","0","344","true","1000","47","true","",""
"magic-meadow-1071","0","0","0.7266993538984392","0.8672113065598067","24z500fw","-","finished","2025-01-03T16:54:49.000Z","2630","ds_default","mort","1000","false","0.1","allprot","0.99","0.000005","100","0.00001","normal","","","","","NaN","NaN","8.51438401869025","7.076632275583864","0","344","true","1000","68","true","",""
"faithful-paper-1025","0","0","0.7265548683768308","0.8595316143564711","y4ycc71z","-","finished","2025-01-03T15:25:51.000Z","2670","ds_default","mort","1000","false","0.1","allprot","0.99","0.000005","100","0.00001","normal","","","","","NaN","NaN","8.513946948978841","7.101882948364168","0","344","true","1000","28","true","",""
"frosty-bush-1030","0","0","0.726518223498162","0.8635530085406697","vmdjo0k3","-","finished","2025-01-03T15:25:51.000Z","2687","ds_default","mort","1000","false","0.1","allprot","0.99","0.000005","100","0.00001","normal","","","","","NaN","NaN","8.531310542640908","7.112712928516968","0","344","true","1000","26","true","",""
"volcanic-silence-1080","0","0","0.726364315007753","0.8582137730419462","lgraf2sn","-","finished","2025-01-03T16:55:15.000Z","2640","ds_default","mort","1000","false","0.1","allprot","0.99","0.000005","100","0.00001","normal","","","","","NaN","NaN","8.498198956072905","7.0638032473756285","0","344","true","1000","77","true","",""
"warm-dragon-1047","0","0","0.7262219234792113","0.8696503338283609","sbb64192","-","finished","2025-01-03T16:10:49.000Z","2655","ds_default","mort","1000","false","0.1","allprot","0.99","0.000005","100","0.00001","normal","","","","","NaN","NaN","8.491734724962148","7.023506658998169","0","344","true","1000","44","true","",""
"olive-fog-1051","0","0","0.7260439340685343","0.8642695561023687","tg53xv14","-","finished","2025-01-03T16:10:57.000Z","2648","ds_default","mort","1000","false","0.1","allprot","0.99","0.000005","100","0.00001","normal","","","","","NaN","NaN","8.51270956536183","7.089042366795619","0","344","true","1000","48","true","",""
"revived-gorge-1019","0","0","0.7260114771759991","0.8694098241449988","sd35uh2z","-","finished","2025-01-03T15:25:51.000Z","2666","ds_default","mort","1000","false","0.1","allprot","0.99","0.000005","100","0.00001","normal","","","","","NaN","NaN","8.486948703673935","7.052858015821054","0","344","true","1000","21","true","",""
"stoic-galaxy-1009","0","0","0.7259444693978618","0.8687628670749393","5yueal1y","-","finished","2025-01-03T15:25:50.000Z","3163","ds_default","mort","1000","false","0.1","allprot","0.99","0.000005","100","0.00001","normal","","","","","NaN","NaN","8.486301481698803","7.120540342837421","0","344","true","1000","4","true","",""
"silver-field-1037","0","0","0.7258083598485205","0.8662489237670128","o8g2rdei","-","finished","2025-01-03T16:10:28.000Z","2647","ds_default","mort","1000","false","0.1","allprot","0.99","0.000005","100","0.00001","normal","","","","","NaN","NaN","8.441166734495564","7.12061131673166","0","344","true","1000","34","true","",""
"pleasant-totem-1090","0","0","0.7257601980079844","0.8628546245520432","opvvrcyr","-","finished","2025-01-03T17:10:11.000Z","3087","ds_default","mort","1000","false","0.1","allprot","0.99","0.000005","100","0.00001","normal","","","","","NaN","NaN","8.474158628799579","7.1105195001691195","0","344","true","1000","87","true","",""
"apricot-plasma-1027","0","0","0.7257026131986477","0.8656008854581279","zphvxdqa","-","finished","2025-01-03T15:25:51.000Z","2670","ds_default","mort","1000","false","0.1","allprot","0.99","0.000005","100","0.00001","normal","","","","","NaN","NaN","8.473210124869503","7.061472266070851","0","344","true","1000","30","true","",""
"happy-shadow-1023","0","0","0.725382232259429","0.8638855016440333","b0sojr67","-","finished","2025-01-03T15:25:51.000Z","2698","ds_default","mort","1000","false","0.1","allprot","0.99","0.000005","100","0.00001","normal","","","","","NaN","NaN","8.514876634484413","7.103997918808356","0","344","true","1000","13","true","",""
"zesty-wave-1073","0","0","0.7252429817204875","0.8695768127459029","x2pestc3","-","finished","2025-01-03T16:54:52.000Z","2667","ds_default","mort","1000","false","0.1","allprot","0.99","0.000005","100","0.00001","normal","","","","","NaN","NaN","8.458536780522017","7.089437699438249","0","344","true","1000","70","true","",""
"blooming-hill-1035","0","0","0.7250576633340767","0.8651946266292163","orfd12ct","-","finished","2025-01-03T16:10:20.000Z","2634","ds_default","mort","1000","false","0.1","allprot","0.99","0.000005","100","0.00001","normal","","","","","NaN","NaN","8.512128294184446","7.1632678267577985","0","344","true","1000","32","true","",""
"worldly-field-1058","0","0","0.724623159772718","0.8660897200771013","is980d4s","-","finished","2025-01-03T16:18:13.000Z","3096","ds_default","mort","1000","false","0.1","allprot","0.99","0.000005","100","0.00001","normal","","","","","NaN","NaN","8.511815870753482","7.107941056331877","0","344","true","1000","55","true","",""
"worthy-plant-1097","0","0","0.7242902148750986","0.8650476580511752","lg1a6eup","-","finished","2025-01-03T17:38:35.000Z","3010","ds_default","mort","1000","false","0.1","allprot","0.99","0.000005","100","0.00001","normal","","","","","NaN","NaN","8.501195879554812","7.0819075219972225","0","344","true","1000","94","true","",""
"rich-pine-1072","0","0","0.7242127371316274","0.8671744250201076","gdza109x","-","finished","2025-01-03T16:54:50.000Z","2638","ds_default","mort","1000","false","0.1","allprot","0.99","0.000005","100","0.00001","normal","","","","","NaN","NaN","8.48469613399129","7.134031128764949","0","344","true","1000","69","true","",""
"unique-galaxy-1084","0","0","0.7242095961420272","0.8697315360861476","y0s7ks60","-","finished","2025-01-03T16:55:25.000Z","2668","ds_default","mort","1000","false","0.1","allprot","0.99","0.000005","100","0.00001","normal","","","","","NaN","NaN","8.480721597443443","7.077031762675401","0","344","true","1000","81","true","",""
"earthy-bird-1065","0","0","0.7239823978942805","0.8684305677402461","kjhu80hc","-","finished","2025-01-03T16:18:45.000Z","3130","ds_default","mort","1000","false","0.1","allprot","0.99","0.000005","100","0.00001","normal","","","","","NaN","NaN","8.463169347109963","7.130013173296828","0","344","true","1000","62","true","",""
"still-darkness-1032","0","0","0.7238389593692055","0.8642342283196524","f9g488ez","-","finished","2025-01-03T15:25:51.000Z","2691","ds_default","mort","1000","false","0.1","allprot","0.99","0.000005","100","0.00001","normal","","","","","NaN","NaN","8.491196518128824","7.10428583510265","0","344","true","1000","19","true","",""
"visionary-river-1088","0","0","0.7237625286222678","0.8645676326051156","hsrmu8cd","-","finished","2025-01-03T17:10:01.000Z","3091","ds_default","mort","1000","false","0.1","allprot","0.99","0.000005","100","0.00001","normal","","","","","NaN","NaN","8.497682710375871","7.139091411040416","0","344","true","1000","85","true","",""
"playful-disco-1056","0","0","0.723641077024394","0.8653458151597319","lefpv48r","-","finished","2025-01-03T16:18:11.000Z","3082","ds_default","mort","1000","false","0.1","allprot","0.99","0.000005","100","0.00001","normal","","","","","NaN","NaN","8.488417198275195","7.106874457749428","0","344","true","1000","53","true","",""
"hopeful-energy-1082","0","0","0.7227144850923398","0.8651330175991415","stbhu180","-","finished","2025-01-03T16:55:18.000Z","2647","ds_default","mort","1000","false","0.1","allprot","0.99","0.000005","100","0.00001","normal","","","","","NaN","NaN","8.479438769864093","7.1059180483244235","0","344","true","1000","79","true","",""
"fiery-water-1087","0","0","0.7226192084078009","0.8685155380150448","2mdcyvx5","-","finished","2025-01-03T17:09:47.000Z","3092","ds_default","mort","1000","false","0.1","allprot","0.99","0.000005","100","0.00001","normal","","","","","NaN","NaN","8.487899329711734","7.090726457122981","0","344","true","1000","84","true","",""
"flowing-surf-1039","0","0","0.7220056684392318","0.8604324046309324","6qj8faz4","-","finished","2025-01-03T16:10:32.000Z","2638","ds_default","mort","1000","false","0.1","allprot","0.99","0.000005","100","0.00001","normal","","","","","NaN","NaN","8.510358991629053","7.084248664597954","0","344","true","1000","36","true","",""
"stoic-firebrand-1053","0","0","0.7218067390978868","0.8647526603321153","5ybh7nwr","-","finished","2025-01-03T16:11:00.000Z","2654","ds_default","mort","1000","false","0.1","allprot","0.99","0.000005","100","0.00001","normal","","","","","NaN","NaN","8.501189018053514","7.106217389935679","0","344","true","1000","50","true","",""
"dandy-pine-1077","0","0","0.7215889638189408","0.8678844676126343","4zsl0i1h","-","finished","2025-01-03T16:55:10.000Z","2658","ds_default","mort","1000","false","0.1","allprot","0.99","0.000005","100","0.00001","normal","","","","","NaN","NaN","8.447544293590083","7.085351962143048","0","344","true","1000","74","true","",""
"soft-vortex-1096","0","0","0.7215690708848063","0.8702492208053719","mx5vjj01","-","finished","2025-01-03T17:11:08.000Z","3146","ds_default","mort","1000","false","0.1","allprot","0.99","0.000005","100","0.00001","normal","","","","","NaN","NaN","8.470101511407847","7.11994690572209","0","344","true","1000","93","true","",""
"worthy-disco-1025","0","0","0.7214936871344019","0.8625020594390143","af8a7863","-","finished","2025-01-03T15:25:51.000Z","2658","ds_default","mort","1000","false","0.1","allprot","0.99","0.000005","100","0.00001","normal","","","","","NaN","NaN","8.492068758257071","7.099867094538166","0","344","true","1000","31","true","",""
"dulcet-microwave-1092","0","0","0.7207890584674275","0.869701962793471","xepqr66b","-","finished","2025-01-03T17:10:19.000Z","3100","ds_default","mort","1000","false","0.1","allprot","0.99","0.000005","100","0.00001","normal","","","","","NaN","NaN","8.463823154169065","7.194788262204837","0","344","true","1000","89","true","",""
"misunderstood-dragon-1061","0","0","0.7202613722145966","0.870198313323132","j6jrmjlb","-","finished","2025-01-03T16:18:30.000Z","3089","ds_default","mort","1000","false","0.1","allprot","0.99","0.000005","100","0.00001","normal","","","","","NaN","NaN","8.465298230533763","7.134430275695583","0","344","true","1000","58","true","",""
"visionary-gorge-1046","0","0","0.720227868325528","0.871028870422895","aaqnm33d","-","finished","2025-01-03T16:10:48.000Z","2662","ds_default","mort","1000","false","0.1","allprot","0.99","0.000005","100","0.00001","normal","","","","","NaN","NaN","8.41676020232894","7.134900151957331","0","344","true","1000","43","true","",""
"cosmic-dream-1067","0","0","0.7202163513636607","0.8629518200525282","bjwhp33y","-","finished","2025-01-03T16:54:35.000Z","2639","ds_default","mort","1000","false","0.1","allprot","0.99","0.000005","100","0.00001","normal","","","","","NaN","NaN","8.515020966328805","7.1099334794663545","0","344","true","1000","64","true","",""
"grateful-disco-1040","0","0","0.7201943644364593","0.8697255841439234","5fi85mrx","-","finished","2025-01-03T16:10:33.000Z","2646","ds_default","mort","1000","false","0.1","allprot","0.99","0.000005","100","0.00001","normal","","","","","NaN","NaN","8.474390443149005","7.054899896725213","0","344","true","1000","37","true","",""
"warm-tree-1027","0","0","0.7199514612407119","0.8709280794358681","sk0cdc66","-","finished","2025-01-03T15:25:51.000Z","2662","ds_default","mort","1000","false","0.1","allprot","0.99","0.000005","100","0.00001","normal","","","","","NaN","NaN","8.430176732218534","7.144376853118951","0","344","true","1000","24","true","",""
"drawn-moon-1052","0","0","0.7196069993812251","0.8712546578822224","4ipktycz","-","finished","2025-01-03T16:10:58.000Z","2644","ds_default","mort","1000","false","0.1","allprot","0.99","0.000005","100","0.00001","normal","","","","","NaN","NaN","8.460380007424346","7.153003655679194","0","344","true","1000","49","true","",""
"rural-water-1004","0","0","0.7195337096238874","0.8671856531097989","q7dgy06l","-","finished","2025-01-03T15:25:50.000Z","3129","ds_default","mort","1000","false","0.1","allprot","0.99","0.000005","100","0.00001","normal","","","","","NaN","NaN","8.477000440174162","7.0796424795779","0","344","true","1000","10","true","",""
"playful-eon-1086","0","0","0.7195316156308207","0.8648352778879715","zy6g28cr","-","finished","2025-01-03T16:55:41.000Z","2705","ds_default","mort","1000","false","0.1","allprot","0.99","0.000005","100","0.00001","normal","","","","","NaN","NaN","8.50954110734917","7.083038108315416","0","344","true","1000","83","true","",""
"fiery-field-1078","0","0","0.718982989447322","0.8594781323551894","jradw0tl","-","finished","2025-01-03T16:55:11.000Z","2650","ds_default","mort","1000","false","0.1","allprot","0.99","0.000005","100","0.00001","normal","","","","","NaN","NaN","8.50322138745731","7.083132768451619","0","344","true","1000","75","true","",""
"royal-violet-1011","0","0","0.7189557675374537","0.8732064380795226","8zp4bwzr","-","finished","2025-01-03T15:25:50.000Z","3131","ds_default","mort","1000","false","0.1","allprot","0.99","0.000005","100","0.00001","normal","","","","","NaN","NaN","8.451384361448698","7.094696888089627","0","344","true","1000","9","true","",""
"azure-oath-1013","0","0","0.7188573498633146","0.8642754034016235","z87wziof","-","finished","2025-01-03T15:25:50.000Z","3148","ds_default","mort","1000","false","0.1","allprot","0.99","0.000005","100","0.00001","normal","","","","","NaN","NaN","8.461810951774154","7.107063375113252","0","344","true","1000","7","true","",""
"glorious-wood-1094","0","0","0.7184689141494253","0.868253875420304","pxwnkxhs","-","finished","2025-01-03T17:10:44.000Z","3128","ds_default","mort","1000","false","0.1","allprot","0.99","0.000005","100","0.00001","normal","","","","","NaN","NaN","8.472419300793291","7.13097147854402","0","344","true","1000","91","true","",""
"rich-darkness-1095","0","0","0.7177747554477847","0.8692145494618208","8a0xk2c5","-","finished","2025-01-03T17:11:08.000Z","3120","ds_default","mort","1000","false","0.1","allprot","0.99","0.000005","100","0.00001","normal","","","","","NaN","NaN","8.47451701406538","7.148492024833351","0","344","true","1000","92","true","",""
"worldly-hill-1063","0","0","0.7177600974963172","0.8646454326209789","o4cittzr","-","finished","2025-01-03T16:18:40.000Z","3108","ds_default","mort","1000","false","0.1","allprot","0.99","0.000005","100","0.00001","normal","","","","","NaN","NaN","8.481181733021801","7.125985235238981","0","344","true","1000","60","true","",""
"rich-wood-1055","0","0","0.7177464865413831","0.8684246076096924","2v6hecnk","-","finished","2025-01-03T16:11:07.000Z","2662","ds_default","mort","1000","false","0.1","allprot","0.99","0.000005","100","0.00001","normal","","","","","NaN","NaN","8.461014539017981","7.153842695715816","0","344","true","1000","52","true","",""
"electric-bush-1043","0","0","0.7177213586245816","0.8651853017670853","x3ueg79x","-","finished","2025-01-03T16:10:44.000Z","2643","ds_default","mort","1000","false","0.1","allprot","0.99","0.000005","100","0.00001","normal","","","","","NaN","NaN","8.475358528141427","7.128256975193612","0","344","true","1000","40","true","",""
"sparkling-donkey-1032","0","0","0.7168031426647946","0.8725655899493128","ml9islyu","-","finished","2025-01-03T15:25:51.000Z","2686","ds_default","mort","1000","false","0.1","allprot","0.99","0.000005","100","0.00001","normal","","","","","NaN","NaN","8.44500705309684","7.098826341234629","0","344","true","1000","25","true","",""
"jumping-hill-1099","0","0","0.7165696624378477","0.862952325356295","m8ft8tbw","-","finished","2025-01-03T17:38:45.000Z","3172","ds_default","mort","1000","false","0.1","allprot","0.99","0.000005","100","0.00001","normal","","","","","NaN","NaN","8.479223248908585","7.12039004101308","0","344","true","1000","96","true","",""
"silvery-butterfly-1054","0","0","0.7160262712370159","0.8637163442854652","qqzcn9yy","-","finished","2025-01-03T16:11:06.000Z","2663","ds_default","mort","1000","false","0.1","allprot","0.99","0.000005","100","0.00001","normal","","","","","NaN","NaN","8.511593760120217","7.217398639024808","0","344","true","1000","51","true","",""
"atomic-dragon-1049","0","0","0.7159697334242127","0.8749712456815067","hxvra3jy","-","finished","2025-01-03T16:10:51.000Z","2649","ds_default","mort","1000","false","0.1","allprot","0.99","0.000005","100","0.00001","normal","","","","","NaN","NaN","8.423682483603615","7.141559148745685","0","344","true","1000","46","true","",""
"toasty-sunset-1075","0","0","0.7156399295161934","0.8689378761455344","wj9fnf3x","-","finished","2025-01-03T16:55:02.000Z","2647","ds_default","mort","1000","false","0.1","allprot","0.99","0.000005","100","0.00001","normal","","","","","NaN","NaN","8.453968387793665","7.16883474277511","0","344","true","1000","72","true","",""
"drawn-bush-1062","0","0","0.7152483528127038","0.867759249474219","lxqd5fe1","-","finished","2025-01-03T16:18:38.000Z","3111","ds_default","mort","1000","false","0.1","allprot","0.99","0.000005","100","0.00001","normal","","","","","NaN","NaN","8.488311536047163","7.16592593987701","0","344","true","1000","59","true","",""
"usual-terrain-1074","0","0","0.7148599170988145","0.8625561655085933","jnuwfoa8","-","finished","2025-01-03T16:54:58.000Z","2637","ds_default","mort","1000","false","0.1","allprot","0.99","0.000005","100","0.00001","normal","","","","","NaN","NaN","8.488083644387372","7.154151729539486","0","344","true","1000","71","true","",""
"earnest-wave-1004","0","0","0.7147416064905409","0.8702560396830762","79om343v","-","finished","2025-01-03T15:25:50.000Z","3130","ds_default","mort","1000","false","0.1","allprot","0.99","0.000005","100","0.00001","normal","","","","","NaN","NaN","8.448730767266529","7.157623833819995","0","344","true","1000","1","true","",""
"wild-hill-1070","0","0","0.7142369541614447","0.8686737048101423","1knb41yf","-","finished","2025-01-03T16:54:47.000Z","2630","ds_default","mort","1000","false","0.1","allprot","0.99","0.000005","100","0.00001","normal","","","","","NaN","NaN","8.472555912691954","7.127599313706944","0","344","true","1000","67","true","",""
"kind-fog-1024","0","0","0.7137406778046158","0.8668276222345409","m1bn3b1o","-","finished","2025-01-03T15:25:51.000Z","2705","ds_default","mort","1000","false","0.1","allprot","0.99","0.000005","100","0.00001","normal","","","","","NaN","NaN","8.481918907902065","7.1204037902977495","0","344","true","1000","12","true","",""
"comic-universe-1004","0","0","0.7128748116714986","0.8646890058738274","0kq1xnoa","-","finished","2025-01-03T15:25:50.000Z","3135","ds_default","mort","1000","false","0.1","allprot","0.99","0.000005","100","0.00001","normal","","","","","NaN","NaN","8.441328414163706","7.09784392373188","0","344","true","1000","2","true","",""
"honest-armadillo-1019","0","0","0.7119367027775771","0.8642271431582558","81441s5w","-","finished","2025-01-03T15:25:51.000Z","2680","ds_default","mort","1000","false","0.1","allprot","0.99","0.000005","100","0.00001","normal","","","","","NaN","NaN","8.502921849911521","7.116503084636554","0","344","true","1000","22","true","",""
"polar-flower-1089","0","0","0.711705316543697","0.8707168023951795","ys91sadx","-","finished","2025-01-03T17:10:06.000Z","3101","ds_default","mort","1000","false","0.1","allprot","0.99","0.000005","100","0.00001","normal","","","","","NaN","NaN","8.448172308236277","7.122153116482696","0","344","true","1000","86","true","",""
"celestial-frost-1045","0","0","0.7116351677759595","0.8656634607654791","sf1qdt4r","-","finished","2025-01-03T16:10:48.000Z","2652","ds_default","mort","1000","false","0.1","allprot","0.99","0.000005","100","0.00001","normal","","","","","NaN","NaN","8.49888057391118","7.114599742633431","0","344","true","1000","42","true","",""
"gallant-waterfall-1036","0","0","0.7099945242081304","0.86233592847519","q3qozefy","-","finished","2025-01-03T16:10:24.000Z","2640","ds_default","mort","1000","false","0.1","allprot","0.99","0.000005","100","0.00001","normal","","","","","NaN","NaN","8.513628803425407","7.187179721214389","0","344","true","1000","33","true","",""
"olive-cloud-1038","0","0","0.7094448510280983","0.8558465860782091","t5vl1vng","-","finished","2025-01-03T16:10:32.000Z","2646","ds_default","mort","1000","false","0.1","allprot","0.99","0.000005","100","0.00001","normal","","","","","NaN","NaN","8.522754994183886","7.0986986736737","0","344","true","1000","35","true","",""
"polished-field-1060","0","0","0.70913389305768","0.8746421227318412","8flktutx","-","finished","2025-01-03T16:18:30.000Z","3097","ds_default","mort","1000","false","0.1","allprot","0.99","0.000005","100","0.00001","normal","","","","","NaN","NaN","8.415241176450317","7.136393540318207","0","344","true","1000","57","true","",""
"fresh-eon-1014","0","0","0.708167515257357","0.8705547077810516","ugu4xvl4","-","finished","2025-01-03T15:25:51.000Z","2688","ds_default","mort","1000","false","0.1","allprot","0.99","0.000005","100","0.00001","normal","","","","","NaN","NaN","8.475081524824507","7.1426533862028405","0","344","true","1000","15","true","",""
"different-meadow-1066","0","0","0.7036015633752236","0.8621806372213847","0nnf5wp6","-","finished","2025-01-03T16:54:25.000Z","2639","ds_default","mort","1000","false","0.1","allprot","0.99","0.000005","100","0.00001","normal","","","","","NaN","NaN","8.54032554961895","7.102931382727949","0","344","true","1000","63","true","",""